twitter,abc
google,
,
,abc123
twitter,abc
google,
,
,abc123
twitter,abc
google,
,
,abc123
twitter,abc
google,
,
,abc123
twitter,abc
google,
,
,abc123
twitter,abc
google,
,
,abc123
twitter,abc
google,
,
,abc123
twitter,abc
google,
,
,abc123
twitter,abc
google,
,
,abc123
twitter,abc
google,
,
,abc123
twitter,abc
google,
,
,abc123
twitter,abc
google,
,
,abc123
twitter,abc
google,
,
,abc123
twitter,abc
google,
,
,abc123
twitter,abc
google,
,
,abc123
twitter,abc
google,
,
,abc123
twitter,abc
google,
,
,abc123
twitter,abc
google,
,
,abc123
twitter,abc
google,
,
,abc123
twitter,abc
google,
,
,abc123
twitter,abc
google,
,
,abc123
twitter,abc
google,
,
,abc123
twitter,abc
google,
,
,abc123
twitter,abc
google,
,
,abc123
twitter,abc
google,
,
,abc123
twitter,abc
google,
,
,abc123
twitter,abc
google,
,
,abc123
twitter,abc
google,
,
,abc123
twitter,abc
google,
,
,abc123
twitter,abc
google,
,
,abc123
twitter,abc
google,
,
,abc123
twitter,abc
google,
,
,abc123
twitter,abc
google,
,
,abc123
twitter,abc
google,
,
,abc123
twitter,abc
google,
,
,abc123
twitter,abc
google,
,
,abc123
twitter,abc
google,
,
,abc123
twitter,abc
google,
,
,abc123
twitter,abc
google,
,
,abc123
twitter,abc
google,
,
,abc123
twitter,abc
google,
,
,abc123
twitter,abc
google,
,
,abc123
twitter,abc
google,
,
,abc123
twitter,abc
google,
,
,abc123
twitter,abc
google,
,
,abc123
twitter,abc
google,
,
,abc123
